Albury,2640
Albury,2641
Albury,2642
Albury,2644
Albury,3690
Albury,3691
Armidale Dumaresq,2350
Armidale Dumaresq,2351
Armidale Dumaresq,2354
Armidale Dumaresq,2358
Armidale Dumaresq,2365
Armidale Dumaresq,2440
Armidale Dumaresq,2453
Armidale Dumaresq,2454
Ashfield,2040
Ashfield,2045
Ashfield,2046
Ashfield,2049
Ashfield,2130
Ashfield,2131
Ashfield,2132
Ashfield,2133
Ashfield,2193
Ashfield,2203
Auburn,2127
Auburn,2128
Auburn,2135
Auburn,2138
Auburn,2140
Auburn,2141
Auburn,2142
Auburn,2143
Auburn,2144
Auburn,2162
Auburn,2190
Ballina,2471
Ballina,2472
Ballina,2477
Ballina,2478
Ballina,2479
Ballina,2480
Ballina,2481
Balranald,2648
Balranald,2711
Balranald,2715
Balranald,2736
Balranald,2737
Balranald,2879
Balranald,3501
Balranald,3549
Balranald,3597
Bankstown,2136
Bankstown,2141
Bankstown,2143
Bankstown,2144
Bankstown,2161
Bankstown,2162
Bankstown,2163
Bankstown,2165
Bankstown,2166
Bankstown,2170
Bankstown,2172
Bankstown,2190
Bankstown,2195
Bankstown,2196
Bankstown,2197
Bankstown,2198
Bankstown,2199
Bankstown,2200
Bankstown,2210
Bankstown,2211
Bankstown,2212
Bankstown,2213
Bankstown,2214
Bankstown,2234
Bathurst Regional,2583
Bathurst Regional,2787
Bathurst Regional,2795
Bathurst Regional,2799
Bathurst Regional,2800
Bathurst Regional,2808
Bathurst Regional,2846
Bathurst Regional,2847
Bathurst Regional,2850
Bega Valley,2545
Bega Valley,2546
Bega Valley,2548
Bega Valley,2549
Bega Valley,2550
Bega Valley,2551
Bega Valley,2630
Bega Valley,2631
Bega Valley,2632
Bega Valley,3889
Bega Valley,3891
Bellingen,2350
Bellingen,2441
Bellingen,2448
Bellingen,2449
Bellingen,2450
Bellingen,2453
Bellingen,2454
Bellingen,2455
Berrigan,2646
Berrigan,2710
Berrigan,2712
Berrigan,2713
Berrigan,2714
Berrigan,3641
Berrigan,3644
Berrigan,3730
Blacktown,2145
Blacktown,2146
Blacktown,2147
Blacktown,2148
Blacktown,2153
Blacktown,2155
Blacktown,2164
Blacktown,2175
Blacktown,2178
Blacktown,2747
Blacktown,2756
Blacktown,2759
Blacktown,2760
Blacktown,2761
Blacktown,2762
Blacktown,2763
Blacktown,2765
Blacktown,2766
Blacktown,2767
Blacktown,2768
Blacktown,2769
Blacktown,2770
Bland,2594
Bland,2665
Bland,2666
Bland,2668
Bland,2669
Bland,2671
Bland,2672
Bland,2675
Bland,2721
Bland,2810
Bland,2871
Bland,2877
Blayney,2791
Blayney,2792
Blayney,2793
Blayney,2795
Blayney,2797
Blayney,2798
Blayney,2799
Blayney,2800
Blayney,2804
Blayney,2808
Blue Mountains,2745
Blue Mountains,2749
Blue Mountains,2750
Blue Mountains,2753
Blue Mountains,2756
Blue Mountains,2758
Blue Mountains,2773
Blue Mountains,2774
Blue Mountains,2776
Blue Mountains,2777
Blue Mountains,2778
Blue Mountains,2779
Blue Mountains,2780
Blue Mountains,2782
Blue Mountains,2783
Blue Mountains,2784
Blue Mountains,2785
Blue Mountains,2786
Blue Mountains,2787
Blue Mountains,2790
Blue Mountains,2849
Bogan,2824
Bogan,2825
Bogan,2831
Bogan,2835
Bogan,2839
Bogan,2840
Bogan,2873
Bogan,2877
Bombala,2545
Bombala,2550
Bombala,2551
Bombala,2627
Bombala,2631
Bombala,2632
Bombala,2633
Bombala,3888
Bombala,3889
Boorowa,2581
Boorowa,2582
Boorowa,2583
Boorowa,2584
Boorowa,2585
Boorowa,2586
Boorowa,2793
Boorowa,2794
Boorowa,2803
Boorowa,2808
Botany Bay,2015
Botany Bay,2018
Botany Bay,2019
Botany Bay,2020
Botany Bay,2032
Botany Bay,2033
Botany Bay,2035
Botany Bay,2036
Botany Bay,2044
Bourke,2835
Bourke,2836
Bourke,2839
Bourke,2840
Bourke,2880
Bourke,4490
Bourke,4492
Brewarrina,2824
Brewarrina,2831
Brewarrina,2832
Brewarrina,2834
Brewarrina,2839
Brewarrina,2840
Brewarrina,4488
Brewarrina,4490
Broken Hill,2880
Burwood,2046
Burwood,2132
Burwood,2133
Burwood,2134
Burwood,2135
Burwood,2136
Burwood,2137
Burwood,2191
Burwood,2194
Byron,2478
Byron,2479
Byron,2480
Byron,2481
Byron,2482
Byron,2483
Byron,2484
Cabonne,2791
Cabonne,2795
Cabonne,2798
Cabonne,2799
Cabonne,2800
Cabonne,2804
Cabonne,2805
Cabonne,2806
Cabonne,2820
Cabonne,2830
Cabonne,2850
Cabonne,2864
Cabonne,2865
Cabonne,2866
Cabonne,2867
Cabonne,2868
Cabonne,2869
Cabonne,2870
Cabonne,2871
Camden,2171
Camden,2179
Camden,2556
Camden,2557
Camden,2558
Camden,2559
Camden,2560
Camden,2565
Camden,2566
Camden,2567
Camden,2569
Camden,2570
Camden,2745
Campbelltown,2167
Campbelltown,2170
Campbelltown,2173
Campbelltown,2179
Campbelltown,2508
Campbelltown,2557
Campbelltown,2558
Campbelltown,2559
Campbelltown,2560
Campbelltown,2563
Campbelltown,2564
Campbelltown,2565
Campbelltown,2566
Campbelltown,2567
Campbelltown,2569
Canada Bay,2045
Canada Bay,2046
Canada Bay,2047
Canada Bay,2127
Canada Bay,2131
Canada Bay,2132
Canada Bay,2134
Canada Bay,2135
Canada Bay,2137
Canada Bay,2138
Canada Bay,2139
Canada Bay,2140
Canterbury,2131
Canterbury,2133
Canterbury,2136
Canterbury,2190
Canterbury,2191
Canterbury,2192
Canterbury,2193
Canterbury,2194
Canterbury,2195
Canterbury,2196
Canterbury,2200
Canterbury,2203
Canterbury,2204
Canterbury,2205
Canterbury,2206
Canterbury,2207
Canterbury,2208
Canterbury,2209
Canterbury,2210
Canterbury,2211
Carrathool,2652
Carrathool,2665
Carrathool,2669
Carrathool,2672
Carrathool,2675
Carrathool,2680
Carrathool,2681
Carrathool,2707
Carrathool,2711
Carrathool,2715
Carrathool,2877
Carrathool,2879
Central Darling,2648
Central Darling,2675
Central Darling,2711
Central Darling,2715
Central Darling,2835
Central Darling,2836
Central Darling,2840
Central Darling,2878
Central Darling,2879
Central Darling,2880
Cessnock,2250
Cessnock,2259
Cessnock,2265
Cessnock,2278
Cessnock,2286
Cessnock,2287
Cessnock,2320
Cessnock,2321
Cessnock,2322
Cessnock,2323
Cessnock,2325
Cessnock,2326
Cessnock,2327
Cessnock,2330
Cessnock,2334
Cessnock,2335
Cessnock,2756
Cessnock,2775
Clarence Valley,2350
Clarence Valley,2365
Clarence Valley,2370
Clarence Valley,2450
Clarence Valley,2453
Clarence Valley,2454
Clarence Valley,2456
Clarence Valley,2460
Clarence Valley,2462
Clarence Valley,2463
Clarence Valley,2464
Clarence Valley,2465
Clarence Valley,2466
Clarence Valley,2469
Clarence Valley,2472
Cobar,2672
Cobar,2675
Cobar,2825
Cobar,2831
Cobar,2835
Cobar,2836
Cobar,2839
Cobar,2840
Cobar,2877
Cobar,2879
Coffs Harbour,2441
Coffs Harbour,2450
Coffs Harbour,2452
Coffs Harbour,2453
Coffs Harbour,2454
Coffs Harbour,2456
Coffs Harbour,2460
Conargo,2707
Conargo,2710
Conargo,2711
Conargo,2713
Conargo,2714
Conargo,2716
Conargo,2732
Conargo,2733
Coolamon,2650
Coolamon,2652
Coolamon,2665
Coolamon,2669
Coolamon,2701
Coolamon,2702
Cooma-Monaro,2545
Cooma-Monaro,2620
Cooma-Monaro,2621
Cooma-Monaro,2622
Cooma-Monaro,2623
Cooma-Monaro,2626
Cooma-Monaro,2627
Cooma-Monaro,2628
Cooma-Monaro,2629
Cooma-Monaro,2630
Cooma-Monaro,2631
Cooma-Monaro,2632
Cooma-Monaro,2720
Cooma-Monaro,2900
Coonamble,2357
Coonamble,2388
Coonamble,2396
Coonamble,2824
Coonamble,2827
Coonamble,2828
Coonamble,2829
Coonamble,2831
Coonamble,2832
Cootamundra,2587
Cootamundra,2588
Cootamundra,2590
Cootamundra,2594
Cootamundra,2666
Cootamundra,2725
Cootamundra,2726
Cootamundra,2727
Corowa Shire,2640
Corowa Shire,2642
Corowa Shire,2643
Corowa Shire,2646
Corowa Shire,2647
Corowa Shire,2712
Corowa Shire,2713
Corowa Shire,3682
Corowa Shire,3685
Corowa Shire,3687
Corowa Shire,3688
Corowa Shire,3730
Cowra,2583
Cowra,2586
Cowra,2791
Cowra,2792
Cowra,2793
Cowra,2794
Cowra,2795
Cowra,2799
Cowra,2800
Cowra,2803
Cowra,2804
Cowra,2805
Cowra,2807
Cowra,2808
Cowra,2809
Cowra,2810
Cowra,2871
Deniliquin,2710
Dubbo,2820
Dubbo,2821
Dubbo,2827
Dubbo,2830
Dubbo,2831
Dubbo,2842
Dubbo,2844
Dubbo,2868
Dubbo,2869
Dungog,2311
Dungog,2320
Dungog,2321
Dungog,2324
Dungog,2330
Dungog,2335
Dungog,2336
Dungog,2337
Dungog,2415
Dungog,2420
Dungog,2421
Dungog,2422
Dungog,2425
Eurobodalla,2536
Eurobodalla,2537
Eurobodalla,2538
Eurobodalla,2545
Eurobodalla,2546
Eurobodalla,2622
Eurobodalla,2630
Fairfield,2145
Fairfield,2161
Fairfield,2162
Fairfield,2163
Fairfield,2164
Fairfield,2165
Fairfield,2166
Fairfield,2168
Fairfield,2170
Fairfield,2171
Fairfield,2175
Fairfield,2176
Fairfield,2177
Fairfield,2178
Fairfield,2198
Fairfield,2766
Forbes,2671
Forbes,2804
Forbes,2805
Forbes,2806
Forbes,2810
Forbes,2870
Forbes,2871
Forbes,2875
Forbes,2876
Forbes,2877
Gilgandra,2357
Gilgandra,2395
Gilgandra,2396
Gilgandra,2821
Gilgandra,2823
Gilgandra,2827
Gilgandra,2828
Gilgandra,2829
Gilgandra,2830
Gilgandra,2831
Gilgandra,2842
Glen Innes Severn,2350
Glen Innes Severn,2360
Glen Innes Severn,2361
Glen Innes Severn,2365
Glen Innes Severn,2370
Glen Innes Severn,2371
Glen Innes Severn,2372
Glen Innes Severn,2460
Glen Innes Severn,2469
Gloucester,2311
Gloucester,2337
Gloucester,2338
Gloucester,2354
Gloucester,2415
Gloucester,2420
Gloucester,2422
Gloucester,2423
Gloucester,2424
Gloucester,2429
Gosford,2082
Gosford,2083
Gosford,2250
Gosford,2251
Gosford,2256
Gosford,2257
Gosford,2258
Gosford,2260
Gosford,2261
Gosford,2325
Gosford,2775
Goulburn Mulwaree,2577
Goulburn Mulwaree,2579
Goulburn Mulwaree,2580
Goulburn Mulwaree,2581
Goulburn Mulwaree,2622
Greater Hume Shire,2640
Greater Hume Shire,2641
Greater Hume Shire,2642
Greater Hume Shire,2643
Greater Hume Shire,2644
Greater Hume Shire,2646
Greater Hume Shire,2650
Greater Hume Shire,2652
Greater Hume Shire,2653
Greater Hume Shire,2656
Greater Hume Shire,2658
Greater Hume Shire,2659
Greater Hume Shire,2660
Greater Hume Shire,3688
Greater Hume Shire,3691
Greater Hume Shire,3700
Greater Hume Shire,3709
Greater Taree,2312
Greater Taree,2354
Greater Taree,2422
Greater Taree,2423
Greater Taree,2424
Greater Taree,2426
Greater Taree,2427
Greater Taree,2428
Greater Taree,2429
Greater Taree,2430
Greater Taree,2439
Greater Taree,2443
Greater Taree,2446
Great Lakes,2312
Great Lakes,2321
Great Lakes,2324
Great Lakes,2415
Great Lakes,2420
Great Lakes,2422
Great Lakes,2423
Great Lakes,2425
Great Lakes,2428
Great Lakes,2429
Great Lakes,2430
Griffith,2665
Griffith,2669
Griffith,2680
Griffith,2681
Griffith,2705
Griffith,2706
Griffith,2707
Griffith,2711
Gundagai,2582
Gundagai,2590
Gundagai,2650
Gundagai,2652
Gundagai,2720
Gundagai,2722
Gundagai,2726
Gundagai,2727
Gundagai,2729
Gunnedah,2340
Gunnedah,2341
Gunnedah,2342
Gunnedah,2343
Gunnedah,2344
Gunnedah,2346
Gunnedah,2357
Gunnedah,2380
Gunnedah,2381
Gunnedah,2382
Gunnedah,2388
Gunnedah,2390
Guyra,2350
Guyra,2358
Guyra,2359
Guyra,2360
Guyra,2365
Guyra,2369
Guyra,2453
Guyra,2460
Gwydir,2347
Gwydir,2359
Gwydir,2360
Gwydir,2369
Gwydir,2390
Gwydir,2399
Gwydir,2400
Gwydir,2401
Gwydir,2402
Gwydir,2403
Gwydir,2404
Gwydir,2408
Gwydir,2409
Gwydir,2410
Harden,2582
Harden,2584
Harden,2585
Harden,2586
Harden,2587
Harden,2588
Harden,2590
Harden,2594
Harden,2726
Harden,2727
Hawkesbury,2250
Hawkesbury,2325
Hawkesbury,2330
Hawkesbury,2749
Hawkesbury,2753
Hawkesbury,2754
Hawkesbury,2756
Hawkesbury,2757
Hawkesbury,2758
Hawkesbury,2765
Hawkesbury,2775
Hawkesbury,2777
Hawkesbury,2849
Hay,2652
Hay,2707
Hay,2710
Hay,2711
Hay,2715
Hay,2733
Holroyd,2142
Holroyd,2145
Holroyd,2146
Holroyd,2148
Holroyd,2150
Holroyd,2160
Holroyd,2161
Holroyd,2164
Holroyd,2165
Holroyd,2766
Hornsby,2074
Hornsby,2076
Hornsby,2077
Hornsby,2079
Hornsby,2080
Hornsby,2081
Hornsby,2082
Hornsby,2083
Hornsby,2118
Hornsby,2119
Hornsby,2120
Hornsby,2121
Hornsby,2122
Hornsby,2125
Hornsby,2126
Hornsby,2154
Hornsby,2156
Hornsby,2157
Hornsby,2158
Hornsby,2159
Hornsby,2756
Hornsby,2775
Hunters Hill,2110
Hunters Hill,2111
Hunters Hill,2113
Hurstville,2207
Hurstville,2208
Hurstville,2209
Hurstville,2210
Hurstville,2218
Hurstville,2220
Hurstville,2222
Hurstville,2223
Inverell,2360
Inverell,2361
Inverell,2365
Inverell,2369
Inverell,2370
Inverell,2372
Inverell,2402
Inverell,2403
Inverell,2404
Inverell,2408
Inverell,2409
Inverell,2410
Inverell,4385
Inverell,4388
Jerilderie,2642
Jerilderie,2646
Jerilderie,2652
Jerilderie,2707
Jerilderie,2710
Jerilderie,2712
Jerilderie,2713
Jerilderie,2716
Junee,2590
Junee,2650
Junee,2652
Junee,2663
Junee,2665
Junee,2666
Junee,2701
Junee,2722
Junee,2725
Junee,2727
Junee,2729
Kempsey,2350
Kempsey,2354
Kempsey,2431
Kempsey,2440
Kempsey,2441
Kempsey,2444
Kempsey,2446
Kempsey,2447
Kempsey,2449
Kempsey,2454
Kiama,2527
Kiama,2529
Kiama,2533
Kiama,2534
Kiama,2535
Kiama,2577
Kogarah,2216
Kogarah,2217
Kogarah,2218
Kogarah,2219
Kogarah,2220
Kogarah,2221
Kogarah,2222
Kogarah,2223
Kogarah,2224
Ku-ring-gai,2067
Ku-ring-gai,2069
Ku-ring-gai,2070
Ku-ring-gai,2071
Ku-ring-gai,2072
Ku-ring-gai,2073
Ku-ring-gai,2074
Ku-ring-gai,2075
Ku-ring-gai,2076
Ku-ring-gai,2077
Ku-ring-gai,2080
Ku-ring-gai,2084
Ku-ring-gai,2085
Ku-ring-gai,2086
Ku-ring-gai,2087
Ku-ring-gai,2113
Ku-ring-gai,2120
Ku-ring-gai,2121
Ku-ring-gai,2122
Kyogle,2372
Kyogle,2469
Kyogle,2470
Kyogle,2474
Kyogle,2475
Kyogle,2476
Kyogle,2480
Kyogle,2484
Kyogle,4275
Kyogle,4285
Kyogle,4287
Kyogle,4310
Lachlan,2669
Lachlan,2671
Lachlan,2672
Lachlan,2675
Lachlan,2823
Lachlan,2825
Lachlan,2831
Lachlan,2871
Lachlan,2873
Lachlan,2874
Lachlan,2875
Lachlan,2877
Lake Macquarie,2259
Lake Macquarie,2262
Lake Macquarie,2264
Lake Macquarie,2265
Lake Macquarie,2267
Lake Macquarie,2278
Lake Macquarie,2280
Lake Macquarie,2281
Lake Macquarie,2282
Lake Macquarie,2283
Lake Macquarie,2284
Lake Macquarie,2285
Lake Macquarie,2286
Lake Macquarie,2287
Lake Macquarie,2289
Lake Macquarie,2290
Lake Macquarie,2291
Lake Macquarie,2305
Lake Macquarie,2306
Lake Macquarie,2323
Lake Macquarie,2325
Lane Cove,2064
Lane Cove,2065
Lane Cove,2066
Lane Cove,2067
Leeton,2652
Leeton,2665
Leeton,2680
Leeton,2700
Leeton,2703
Leeton,2705
Leeton,2706
Leichhardt,2037
Leichhardt,2038
Leichhardt,2039
Leichhardt,2040
Leichhardt,2041
Leichhardt,2045
Leichhardt,2048
Leichhardt,2049
Leichhardt,2050
Lismore,2470
Lismore,2471
Lismore,2472
Lismore,2473
Lismore,2474
Lismore,2477
Lismore,2478
Lismore,2480
Lismore,2482
Lismore,2484
Lithgow,2756
Lithgow,2758
Lithgow,2785
Lithgow,2786
Lithgow,2787
Lithgow,2790
Lithgow,2795
Lithgow,2845
Lithgow,2846
Lithgow,2847
Lithgow,2848
Lithgow,2849
Lithgow,2850
Liverpool,2166
Liverpool,2167
Liverpool,2168
Liverpool,2170
Liverpool,2171
Liverpool,2172
Liverpool,2173
Liverpool,2174
Liverpool,2176
Liverpool,2177
Liverpool,2178
Liverpool,2179
Liverpool,2198
Liverpool,2200
Liverpool,2213
Liverpool,2214
Liverpool,2234
Liverpool,2555
Liverpool,2556
Liverpool,2557
Liverpool,2564
Liverpool,2565
Liverpool,2566
Liverpool,2570
Liverpool,2745
Liverpool,2752
Liverpool Plains,2329
Liverpool Plains,2337
Liverpool Plains,2338
Liverpool Plains,2339
Liverpool Plains,2340
Liverpool Plains,2341
Liverpool Plains,2342
Liverpool Plains,2343
Liverpool Plains,2344
Liverpool Plains,2357
Liverpool Plains,2381
Liverpool Plains,2843
Lockhart,2642
Lockhart,2650
Lockhart,2652
Lockhart,2655
Lockhart,2656
Lockhart,2658
Lockhart,2700
Maitland,2320
Maitland,2321
Maitland,2322
Maitland,2323
Maitland,2324
Maitland,2325
Maitland,2326
Maitland,2334
Maitland,2335
Maitland,2421
Manly,2087
Manly,2092
Manly,2093
Manly,2094
Manly,2095
Manly,2096
Manly,2100
Marrickville,2015
Marrickville,2020
Marrickville,2038
Marrickville,2040
Marrickville,2042
Marrickville,2043
Marrickville,2044
Marrickville,2048
Marrickville,2049
Marrickville,2050
Marrickville,2130
Marrickville,2131
Marrickville,2193
Marrickville,2203
Marrickville,2204
Marrickville,2205
Marrickville,2206
Mid-Western Regional,2328
Mid-Western Regional,2329
Mid-Western Regional,2795
Mid-Western Regional,2800
Mid-Western Regional,2820
Mid-Western Regional,2844
Mid-Western Regional,2846
Mid-Western Regional,2848
Mid-Western Regional,2849
Mid-Western Regional,2850
Mid-Western Regional,2852
Moree Plains,2347
Moree Plains,2388
Moree Plains,2390
Moree Plains,2397
Moree Plains,2399
Moree Plains,2400
Moree Plains,2401
Moree Plains,2404
Moree Plains,2405
Moree Plains,2406
Moree Plains,2408
Moree Plains,2409
Moree Plains,2410
Moree Plains,2833
Moree Plains,4388
Moree Plains,4390
Moree Plains,4494
Moree Plains,4496
Moree Plains,4497
Moree Plains,4498
Mosman,2088
Mosman,2090
Murray,2710
Murray,2713
Murray,2714
Murray,2731
Murray,2732
Murray,3562
Murray,3564
Murray,3566
Murray,3567
Murray,3568
Murray,3573
Murray,3637
Murray,3638
Murray,3639
Murray,3641
Murrumbidgee,2652
Murrumbidgee,2680
Murrumbidgee,2700
Murrumbidgee,2705
Murrumbidgee,2706
Murrumbidgee,2707
Murrumbidgee,2710
Murrumbidgee,2711
Murrumbidgee,2716
Muswellbrook,2328
Muswellbrook,2329
Muswellbrook,2330
Muswellbrook,2333
Muswellbrook,2336
Muswellbrook,2337
Muswellbrook,2849
Nambucca,2350
Nambucca,2440
Nambucca,2441
Nambucca,2447
Nambucca,2448
Nambucca,2449
Nambucca,2454
Nambucca,2455
Narrabri,2346
Narrabri,2347
Narrabri,2357
Narrabri,2380
Narrabri,2382
Narrabri,2386
Narrabri,2388
Narrabri,2390
Narrabri,2396
Narrabri,2397
Narrabri,2399
Narrabri,2400
Narrabri,2829
Narrabri,2832
Narrabri,2833
Narrandera,2650
Narrandera,2652
Narrandera,2656
Narrandera,2665
Narrandera,2669
Narrandera,2700
Narrandera,2705
Narrandera,2706
Narrandera,2707
Narromine,2821
Narromine,2823
Narromine,2827
Narromine,2830
Narromine,2831
Narromine,2869
Narromine,2873
Narromine,2874
Newcastle,2285
Newcastle,2287
Newcastle,2289
Newcastle,2290
Newcastle,2291
Newcastle,2292
Newcastle,2293
Newcastle,2294
Newcastle,2295
Newcastle,2296
Newcastle,2297
Newcastle,2298
Newcastle,2299
Newcastle,2300
Newcastle,2302
Newcastle,2303
Newcastle,2304
Newcastle,2305
Newcastle,2307
Newcastle,2308
Newcastle,2322
Newcastle,2323
North Sydney,2060
North Sydney,2061
North Sydney,2062
North Sydney,2063
North Sydney,2065
North Sydney,2088
North Sydney,2089
North Sydney,2090
Oberon,2580
Oberon,2583
Oberon,2785
Oberon,2787
Oberon,2790
Oberon,2795
Orange,2798
Orange,2800
Palerang,2536
Palerang,2545
Palerang,2580
Palerang,2581
Palerang,2609
Palerang,2620
Palerang,2621
Palerang,2622
Palerang,2623
Palerang,2630
Palerang,2900
Palerang,2912
Parkes,2806
Parkes,2821
Parkes,2823
Parkes,2830
Parkes,2865
Parkes,2866
Parkes,2867
Parkes,2869
Parkes,2870
Parkes,2871
Parkes,2873
Parkes,2874
Parkes,2875
Parkes,2876
Parramatta,2114
Parramatta,2115
Parramatta,2116
Parramatta,2117
Parramatta,2118
Parramatta,2121
Parramatta,2122
Parramatta,2128
Parramatta,2142
Parramatta,2144
Parramatta,2145
Parramatta,2146
Parramatta,2147
Parramatta,2150
Parramatta,2151
Parramatta,2152
Parramatta,2153
Parramatta,2160
Parramatta,2161
Parramatta,2162
Penrith,2175
Penrith,2178
Penrith,2555
Penrith,2745
Penrith,2747
Penrith,2748
Penrith,2749
Penrith,2750
Penrith,2753
Penrith,2756
Penrith,2759
Penrith,2760
Penrith,2765
Penrith,2766
Penrith,2770
Penrith,2773
Penrith,2774
Penrith,2777
Penrith,2787
Pittwater,2084
Pittwater,2101
Pittwater,2102
Pittwater,2103
Pittwater,2104
Pittwater,2105
Pittwater,2106
Pittwater,2107
Pittwater,2108
Port Macquarie-Hastings,2354
Port Macquarie-Hastings,2424
Port Macquarie-Hastings,2429
Port Macquarie-Hastings,2430
Port Macquarie-Hastings,2439
Port Macquarie-Hastings,2440
Port Macquarie-Hastings,2441
Port Macquarie-Hastings,2443
Port Macquarie-Hastings,2444
Port Macquarie-Hastings,2445
Port Macquarie-Hastings,2446
Port Stephens,2295
Port Stephens,2314
Port Stephens,2315
Port Stephens,2316
Port Stephens,2317
Port Stephens,2318
Port Stephens,2319
Port Stephens,2320
Port Stephens,2321
Port Stephens,2322
Port Stephens,2324
Port Stephens,2420
Port Stephens,2421
Queanbeyan,2600
Queanbeyan,2609
Queanbeyan,2619
Queanbeyan,2620
Queanbeyan,2621
Queanbeyan,2900
Randwick,2017
Randwick,2018
Randwick,2019
Randwick,2021
Randwick,2022
Randwick,2024
Randwick,2025
Randwick,2031
Randwick,2032
Randwick,2033
Randwick,2034
Randwick,2035
Randwick,2036
Randwick,2052
Richmond Valley,2460
Richmond Valley,2463
Richmond Valley,2469
Richmond Valley,2470
Richmond Valley,2471
Richmond Valley,2472
Richmond Valley,2473
Richmond Valley,2474
Richmond Valley,2477
Richmond Valley,2478
Richmond Valley,2480
Rockdale,2020
Rockdale,2044
Rockdale,2204
Rockdale,2205
Rockdale,2206
Rockdale,2207
Rockdale,2208
Rockdale,2216
Rockdale,2217
Rockdale,2218
Rockdale,2219
Rockdale,2220
Ryde,2066
Ryde,2067
Ryde,2070
Ryde,2071
Ryde,2073
Ryde,2074
Ryde,2109
Ryde,2110
Ryde,2111
Ryde,2112
Ryde,2113
Ryde,2114
Ryde,2115
Ryde,2117
Ryde,2121
Ryde,2122
Shellharbour,2527
Shellharbour,2528
Shellharbour,2529
Shellharbour,2530
Shellharbour,2533
Shellharbour,2574
Shellharbour,2576
Shellharbour,2577
Shoalhaven,2533
Shoalhaven,2534
Shoalhaven,2535
Shoalhaven,2536
Shoalhaven,2538
Shoalhaven,2539
Shoalhaven,2540
Shoalhaven,2541
Shoalhaven,2577
Shoalhaven,2579
Shoalhaven,2580
Shoalhaven,2622
Singleton,2311
Singleton,2320
Singleton,2321
Singleton,2325
Singleton,2328
Singleton,2330
Singleton,2333
Singleton,2334
Singleton,2335
Singleton,2336
Singleton,2421
Singleton,2756
Singleton,2849
Snowy River,2625
Snowy River,2627
Snowy River,2628
Snowy River,2629
Snowy River,2630
Snowy River,2631
Snowy River,2632
Snowy River,2633
Snowy River,2649
Snowy River,2720
Snowy River,3888
Strathfield,2127
Strathfield,2129
Strathfield,2133
Strathfield,2135
Strathfield,2136
Strathfield,2137
Strathfield,2138
Strathfield,2140
Strathfield,2141
Strathfield,2190
Strathfield,2191
Strathfield,2192
Strathfield,2195
Sutherland Shire,2172
Sutherland Shire,2173
Sutherland Shire,2213
Sutherland Shire,2221
Sutherland Shire,2224
Sutherland Shire,2225
Sutherland Shire,2226
Sutherland Shire,2227
Sutherland Shire,2228
Sutherland Shire,2229
Sutherland Shire,2230
Sutherland Shire,2231
Sutherland Shire,2232
Sutherland Shire,2233
Sutherland Shire,2234
Sutherland Shire,2508
Sydney,2000
Sydney,2006
Sydney,2007
Sydney,2008
Sydney,2009
Sydney,2010
Sydney,2011
Sydney,2015
Sydney,2016
Sydney,2017
Sydney,2018
Sydney,2020
Sydney,2021
Sydney,2025
Sydney,2027
Sydney,2033
Sydney,2037
Sydney,2038
Sydney,2042
Sydney,2043
Sydney,2044
Sydney,2050
Tamworth Regional,2338
Tamworth Regional,2340
Tamworth Regional,2341
Tamworth Regional,2342
Tamworth Regional,2343
Tamworth Regional,2344
Tamworth Regional,2345
Tamworth Regional,2346
Tamworth Regional,2347
Tamworth Regional,2352
Tamworth Regional,2353
Tamworth Regional,2354
Tamworth Regional,2355
Tamworth Regional,2358
Tamworth Regional,2359
Tamworth Regional,2360
Tamworth Regional,2380
Tamworth Regional,2390
Tamworth Regional,2404
Temora,2590
Temora,2594
Temora,2652
Temora,2665
Temora,2666
Temora,2668
Temora,2671
Temora,2701
Temora,2725
Tenterfield,2361
Tenterfield,2370
Tenterfield,2371
Tenterfield,2372
Tenterfield,2469
Tenterfield,2475
Tenterfield,2476
Tenterfield,4310
Tenterfield,4370
Tenterfield,4373
Tenterfield,4374
Tenterfield,4375
Tenterfield,4376
Tenterfield,4377
Tenterfield,4378
Tenterfield,4380
Tenterfield,4382
Tenterfield,4383
Tenterfield,4385
The Hills Shire,2117
The Hills Shire,2118
The Hills Shire,2119
The Hills Shire,2125
The Hills Shire,2126
The Hills Shire,2147
The Hills Shire,2150
The Hills Shire,2151
The Hills Shire,2152
The Hills Shire,2153
The Hills Shire,2154
The Hills Shire,2155
The Hills Shire,2156
The Hills Shire,2157
The Hills Shire,2158
The Hills Shire,2756
The Hills Shire,2765
The Hills Shire,2768
The Hills Shire,2775
Tumbarumba,2627
Tumbarumba,2628
Tumbarumba,2642
Tumbarumba,2644
Tumbarumba,2649
Tumbarumba,2652
Tumbarumba,2653
Tumbarumba,2720
Tumbarumba,2729
Tumbarumba,2730
Tumbarumba,3705
Tumbarumba,3707
Tumbarumba,3709
Tumbarumba,3885
Tumut Shire,2582
Tumut Shire,2620
Tumut Shire,2627
Tumut Shire,2649
Tumut Shire,2652
Tumut Shire,2653
Tumut Shire,2720
Tumut Shire,2722
Tumut Shire,2727
Tumut Shire,2729
Tumut Shire,2730
Tweed,2474
Tweed,2480
Tweed,2482
Tweed,2483
Tweed,2484
Tweed,2485
Tweed,2486
Tweed,2487
Tweed,2488
Tweed,2489
Tweed,2490
Tweed,4211
Tweed,4213
Tweed,4223
Tweed,4224
Tweed,4225
Tweed,4228
Tweed,4275
Upper Hunter Shire,2311
Upper Hunter Shire,2328
Upper Hunter Shire,2329
Upper Hunter Shire,2330
Upper Hunter Shire,2333
Upper Hunter Shire,2336
Upper Hunter Shire,2337
Upper Hunter Shire,2338
Upper Hunter Shire,2339
Upper Hunter Shire,2340
Upper Hunter Shire,2343
Upper Hunter Shire,2354
Upper Hunter Shire,2381
Upper Hunter Shire,2422
Upper Hunter Shire,2843
Upper Hunter Shire,2844
Upper Hunter Shire,2849
Upper Hunter Shire,2850
Upper Lachlan Shire,2575
Upper Lachlan Shire,2577
Upper Lachlan Shire,2579
Upper Lachlan Shire,2580
Upper Lachlan Shire,2581
Upper Lachlan Shire,2582
Upper Lachlan Shire,2583
Upper Lachlan Shire,2586
Upper Lachlan Shire,2620
Upper Lachlan Shire,2787
Upper Lachlan Shire,2795
Upper Lachlan Shire,2808
Uralla,2347
Uralla,2350
Uralla,2354
Uralla,2355
Uralla,2358
Uralla,2359
Uralla,2360
Uralla,2369
Urana,2642
Urana,2645
Urana,2646
Urana,2652
Urana,2656
Urana,2700
Urana,2707
Urana,2713
Urana,2716
Wagga Wagga,2642
Wagga Wagga,2644
Wagga Wagga,2650
Wagga Wagga,2651
Wagga Wagga,2652
Wagga Wagga,2653
Wagga Wagga,2655
Wagga Wagga,2656
Wagga Wagga,2658
Wagga Wagga,2660
Wagga Wagga,2661
Wagga Wagga,2678
Wagga Wagga,2700
Wagga Wagga,2701
Wagga Wagga,2729
Wakool,2710
Wakool,2711
Wakool,2715
Wakool,2731
Wakool,2732
Wakool,2733
Wakool,2735
Wakool,2736
Wakool,3568
Wakool,3579
Wakool,3580
Wakool,3585
Wakool,3586
Wakool,3590
Wakool,3591
Wakool,3594
Wakool,3596
Wakool,3597
Walcha,2338
Walcha,2350
Walcha,2352
Walcha,2354
Walcha,2358
Walcha,2422
Walcha,2424
Walcha,2440
Walcha,2446
Walgett,2386
Walgett,2388
Walgett,2400
Walgett,2406
Walgett,2829
Walgett,2831
Walgett,2832
Walgett,2833
Walgett,2834
Walgett,2839
Walgett,4486
Walgett,4497
Warren,2823
Warren,2824
Warren,2825
Warren,2827
Warren,2828
Warren,2831
Warren,2839
Warren,2873
Warringah,2069
Warringah,2070
Warringah,2071
Warringah,2074
Warringah,2075
Warringah,2084
Warringah,2085
Warringah,2086
Warringah,2087
Warringah,2092
Warringah,2093
Warringah,2095
Warringah,2096
Warringah,2097
Warringah,2099
Warringah,2100
Warringah,2101
Warringah,2108
Warrumbungle Shire,2329
Warrumbungle Shire,2357
Warrumbungle Shire,2380
Warrumbungle Shire,2381
Warrumbungle Shire,2388
Warrumbungle Shire,2395
Warrumbungle Shire,2396
Warrumbungle Shire,2820
Warrumbungle Shire,2827
Warrumbungle Shire,2829
Warrumbungle Shire,2830
Warrumbungle Shire,2831
Warrumbungle Shire,2842
Warrumbungle Shire,2843
Warrumbungle Shire,2844
Warrumbungle Shire,2850
Warrumbungle Shire,2852
Waverley,2021
Waverley,2022
Waverley,2023
Waverley,2024
Waverley,2025
Waverley,2026
Waverley,2029
Waverley,2030
Waverley,2031
Weddin,2594
Weddin,2671
Weddin,2721
Weddin,2794
Weddin,2803
Weddin,2805
Weddin,2809
Weddin,2810
Weddin,2871
Wellington,2800
Wellington,2820
Wellington,2830
Wellington,2831
Wellington,2844
Wellington,2850
Wellington,2852
Wellington,2866
Wellington,2867
Wellington,2868
Wentworth,2648
Wentworth,2715
Wentworth,2717
Wentworth,2737
Wentworth,2738
Wentworth,2739
Wentworth,2879
Wentworth,2880
Wentworth,3494
Wentworth,3496
Wentworth,3498
Wentworth,3500
Wentworth,3501
Wentworth,3505
Wentworth,5440
Willoughby,2062
Willoughby,2063
Willoughby,2064
Willoughby,2065
Willoughby,2066
Willoughby,2067
Willoughby,2068
Willoughby,2069
Willoughby,2070
Willoughby,2113
Wingecarribee,2527
Wingecarribee,2571
Wingecarribee,2572
Wingecarribee,2574
Wingecarribee,2575
Wingecarribee,2576
Wingecarribee,2577
Wingecarribee,2578
Wingecarribee,2579
Wingecarribee,2580
Wingecarribee,2622
Wingecarribee,2787
Wollondilly,2173
Wollondilly,2508
Wollondilly,2560
Wollondilly,2563
Wollondilly,2567
Wollondilly,2568
Wollondilly,2569
Wollondilly,2570
Wollondilly,2571
Wollondilly,2572
Wollondilly,2573
Wollondilly,2574
Wollondilly,2575
Wollondilly,2580
Wollondilly,2745
Wollondilly,2752
Wollondilly,2787
Wollongong,2173
Wollongong,2233
Wollongong,2500
Wollongong,2502
Wollongong,2505
Wollongong,2506
Wollongong,2508
Wollongong,2515
Wollongong,2516
Wollongong,2517
Wollongong,2518
Wollongong,2519
Wollongong,2525
Wollongong,2526
Wollongong,2527
Wollongong,2528
Wollongong,2530
Wollongong,2560
Wollongong,2574
Wollongong,2576
Woollahra,2010
Woollahra,2011
Woollahra,2021
Woollahra,2022
Woollahra,2023
Woollahra,2025
Woollahra,2026
Woollahra,2027
Woollahra,2028
Woollahra,2029
Woollahra,2030
Wyong,2250
Wyong,2258
Wyong,2259
Wyong,2260
Wyong,2261
Wyong,2262
Wyong,2263
Wyong,2264
Wyong,2265
Wyong,2281
Wyong,2325
Yass Valley,2580
Yass Valley,2581
Yass Valley,2582
Yass Valley,2584
Yass Valley,2585
Yass Valley,2586
Yass Valley,2611
Yass Valley,2615
Yass Valley,2618
Yass Valley,2620
Yass Valley,2621
Yass Valley,2720
Yass Valley,2722
Yass Valley,2726
Yass Valley,2727
Yass Valley,2912
Young,2585
Young,2586
Young,2587
Young,2588
Young,2594
Young,2666
Young,2671
Young,2721
Young,2725
Young,2794
Young,2803
Young,2807
Young,2809
Young,2810
